food_group,resnet50_f1,segformer_iou
vegetables,0.909,0.6780220359954604
fruits,0.84,0.5573174345425276
whole_grains,0.901,0.6612259533680717
healthy_protein,0.669,0.3241286742189082
refined_grains,0.776,0.4497794265604603
red_processed_meat,0.711,0.5040316720415047
sugary_fatty,0.679,0.4146012348838903
