group,iou
background,0.7983500172160141
vegetables,0.03568257339055565
fruits,0.00022991204166743467
whole_grains,0.0
healthy_protein,0.02647570946072529
refined_grains,0.026492092484243376
red_processed_meat,0.09841462890251193
sugary_fatty,0.012727808262066011
