group,iou
background,0.8847701385644334
vegetables,0.6780220359954604
fruits,0.5573174345425276
whole_grains,0.6612259533680717
healthy_protein,0.32412867421890823
refined_grains,0.4497794265604603
red_processed_meat,0.5040316720415047
sugary_fatty,0.41460123488389033
